{
  "cohen_d": 0.9507285122219916,
  "mannwhitney_p": 0.0014423282031954528,
  "ranges_disjoint": false
}